name,branch,description,pubkey
coderdojo-japan,japan,CoderDojo Japan用のサーバーです。主にcoderdojo.jpやDojoCastのウェブサーバーとして使います。,ssh-rsa AAAAB3NzaC1yc2EAAAABIwAAAQEAmMLlWAKh8nMRw1g23FsEvoYqYfuiA2xtoL4/9WRhLmYjKaVb+xyNcmwjX/3aSvN36PCxryMGVY1tgjysiUSo9s4E9swPyDeLb5DF3LTlSCpQRlBtymjyt8ZM46RboZyijfY+7FMxiruoW5W51qRxIOB+NUBHGs5pnxfnpCGlxU6rGqfeLL2N4QNtkKrYJ0ICFv8U/Yhvzdtx5ck1oyMorjP/HWnrxsjU9QHVrO4LYSCj9UfowyB6oa+io3C6KqiMxlqsx3GFVnUnycew6O/o8LmqMZ1HQRLKvLuQzWz8BmDueGBZSpaxz6+AhTNk85pnfkdNkoE/AtBRHqhQV+41bQ== yohei@125-6-81-20.lw.livedoor.net
coderdojo-nara-ikoma,nara-ikoma,CoderDojo奈良/CoderDojo生駒用の共有サーバーです。,ssh-rsa AAAAB3NzaC1yc2EAAAADAQABAAABAQD1N8j3AnHuVu/Jr3v1NNOKfjcWGjWafsQnFT6y5HrXZXk/fC0OzKJAY73Nrjq9TPS3w2NsJ6zW9AFgbXrU//NFMuewP82bUGPfdBSCNR9YUnBDkyTF0fZMMFTGsDSn6JzrM1MEbHrznNL+VF1lTMDyd5H6JM3FGql7jU4XJQ9g/NbKF3eZCIzB76fuV2tD78v5AXMSjiEJM770TkoJlblIajkamxVn1RXcA9GZrydG/Mr86sh8vNknVKlodXprd9wfo/sa5w2641zWUMcnGXfW+OabFwZcKIPUjkaVZfm49RDj8kevL+8IVcj9Xcr8EobguJlATtnS6QNQuIpdWc8B
coderdojo-hommachi,hommachi,CoderDojo本町用のサーバーです。,ssh-rsa AAAAB3NzaC1yc2EAAAADAQABAAACAQDNWrtR0tM/j+w6z+3pSydQChngQda36k7oKO9Uyonn86icXqgsSOhdu4MYyFjd5XYChb23iZUYpPrcqDniYA64dXg+noJF97tMSTgrKbRCYDlI7xkdpCrc5cQ+ZwlPt6cu7SsigSHs7sA5bjnC768ZrnH/GHsXgSwUjmdG0YPd9YUfCrL3TDPFc6TVpjhM4P2cdGsVAn+sajgJeZ2EFCXjgySGrvPDzNsd8VP8lde/wiLLwKAx0qNX2cVyO7ZJdRQ7zxQZtOROm5TLw4lHE4H3A1jUgN97SmsGXZqO4l5BTCMSMY4UAiz+WMk7QJI/4KHOPzmVcISDk6/dr1coT/I80idIOc+dK2yoWTvhsYjH33ktFV5ZFYkawNkVW2RxHPopH7xKZ6sGpAuWbq1kMQRyQ5WjUO7WTnkuS8pQNuVCyzIzBKRRhcu0Vs8ffphZ8mrUK7u3LSAFjmpp+3g7NGBamOchH0urKFp+mHBURm51HK4Wv5FtrWBNupOt8RRUNXV0jnnGGONpIJMZI88xinXhUEXK+wmbMz7G0N/LrlvdGSu0bPCFUDmsj02xXtdurNQKyk//D9luuQWB2muW1zVkOEjD31/SHASeqBeZQso3v3zyI4mXJysNae+welN1KSUd/UmAYIvtRtBQbyFMMp+nQZoKJ5l/ig9hYBsetm80Dw==
coderdojo-akita,akita,CoderDojo秋田用のサーバーです。,ssh-rsa AAAAB3NzaC1yc2EAAAADAQABAAABAQDX0qB53jL1oo7Fr2Z3fb4MeVfuCufEzbILj54IOfgVFWUexF1uRWiNjUD0oemZpUu/Mekt5/rkXDdSMxrQdaBUsrEqoSwsnHvkA3B/AleFcza4Hz2GIi6RymXM2HQcTnFDKfIE/tOdMKARb5qqirc7rbDW5O7tuv5gc76MY02+acxnKUfK4v1se2Na31bW+ghBN9m3IMafxA777TkDVS6+Viu30mLHKsEU3sC3YM0NFv09DsHzuhZhZ2gqQl53H/PU257bbaXFlHAhHgOGo5byf1o43HLBzYxdRb+RlkbbKym/UvQuyKz3Akh/dEgdhQYbpLRYttwV0Rq5EjfUU9u1
coderdojo-kadena,kadena,CoderDojo嘉手納用のサーバーです。,ssh-rsa AAAAB3NzaC1yc2EAAAADAQABAAABAQCvBazKEE7+B8j8r5cMX76alwk9VhAyF0JdRbnPAyVyXHaqqVIMZwJ0FTyU6G7U/Z9bkxkXm9p1TNHhns27+K067CKi9DLrlWa2YY0qXA+5zA0+RPDLmWY0aQOdG2OhUllKPRdWvUSOcxunLo/2P08jmc9eyNviUIPaQ6NvkC7kSdeahVZE+yVz5zCniD8vpVmpXZ9KtjjpPIhqP50THmDMwDcLskpfRe7coO5dZ5FXeAX1G2uam/7vpUEUyy0X81V6IeQsnLKPAhVjnMu7lqALVVLDQ/ZgGe61PMLvBZDhcjitm3lIOdXXiYoDBpoShFFxbsYGSuR8ivPrqTmimwXR
coderdojo-fujisawa,fujisawa,CoderDojo藤沢用のサーバーです。,ssh-rsa AAAAB3NzaC1yc2EAAAADAQABAAABAQCwtQxtVIXN/vzbuSotVgiK4Xp3bnSV0XT6idXE8Oi+OE6j1l8dj9Tr1t+Ui0zszzc/D/ZDcyiWc5JD0MVm+Qvxi5M+JmgRVvb4nzHopMvtY6if70qhV6fv2Ay3s7URqch6aBq/c6p9DxJcGSHdfBQNbJXGJd4lxxM+5YKfrrJ4DA2Cnwbvla/R2v3xWnFf9naf2CEWVzwdZ48Sf7nNdMPOaJ27v72Jb1CT2LRlb8683nm23ty4PLb9egczRy8th7IJNLX7G5FgN0Xpr8VO8liRYrw9vw+rxoIffKS0RoW677ZIUnZHPF/N5cprcqEpvZUrjP54Lr4nJrIe61nRygD/ kow@public.key
coderdojo-kodaira,kodaira,CoderDojo小平用のサーバーです。参加申込・備品データの管理システム、Dojo内開発環境等の運用に使います。,ssh-rsa AAAAB3NzaC1yc2EAAAABIwAAAQEAtUBqcIFIJ++GM+Y/9yjpmeo40/F/yggM+g2B10KIg0ovNfdcOjEEEXeU3Rt0rSY7vjf4IhoXAYhLgB+VpZH1/KGkGIFPFHhUgnyqMGgMYaPh/rIvOyHNHkOAcACEUmxHNOhAXj9TTN1B1RWUESPkk1SH8ZMwH5DIh6n+R/3533pKSViQklaq058Y+gDvTvRzcx3XafIuylSE0WLa97nFNWo3xdMKKzH03+14YYGLx89AiF4vZILYRSXZPuUfbL40Mx7iJGyr5jvfN9m5fN3/SQW6qrpIJ1SFhuM/wYG7l1VSeiPTbeoCgPEMe6mCV8gjC2hTkxQSqPUCCxfxQFKPrQ== hkumekawa@kumebunt-dc9181
coderdojo-funabashi,funabashi,CoderDojo船橋＠凛堂舎用のサーバーです。公式Webページを運営します。,ssh-rsa AAAAB3NzaC1yc2EAAAADAQABAAACAQCpNyvLvtIYNwQ7Ivk+H8AuPMmQO61FNOjzeG0XhNO/tzOVxkcRbFWthH+WkHzDlsdAkWFxAebdARbLpPcY06tngtu0RT1gaqqejRp0frUgryPbiHGGLJ5X0Lzt1m9FHg1rdM/Pkc0AASvO/jS67kjrXpCa3sTbhrvGb3VETqdmZ9ru0SQPafESqsPaRj4i9vo1scqk+oHj7IUUmI5lOtY1yGUOwt5wpG9volkig+fba3VAqbkm6WgieIUH8RaqtCYi2U3I2nW0/Wx1pWQVdf2pmEVuqvhSCux/VbvtR6TZss/rpvsMJK0KaRg37DzJUAKelxr5Wez+4fR58wfR6eBcz/QH9TNZwe8emmsUbFwZ90Qa8WY6X5tSUpXsnBDM40HhEg4qs10zeuZstwRddcGUI+MdZ9QviBz21VAwlPlbULRuR0DhqxIKvD/ykwKDU0Wb8dVlpCvsvzj/tFcw6q3nQCOFpXev4u6e1wQrYSQeMxCOxIS2LGjjzKkvczVOk3SGpN7fZTOp6Q8MGHuKafVVbuSIcZMHa1Ik9RM/fUpWRY17CzhyTvzNxBn5/exwYNAWkpZCFaRUeGI0nDdQsz2Mw7AehzvYoAJJw9cT8HH2tVLZWWelktNUcc8xoYikZr4yaV092r2gnxdnre0dYZ/Warhp0UuQxHTCWlhpTvy4iw==
coderdojo-konan-okayama,konan-okayama,CoderDojo 岡南 用のサーバーです。ニンジャの作品などのテスト実行環境、運営上のシステムなどに使用します。,ssh-rsa AAAAB3NzaC1yc2EAAAADAQABAAABgQClaSx55Z9cHTtRoWblZJb14y5m9ktvAhFatzacLpa33iLUJc95IXlzrkbCuG9iRlUxO/YTIxDv1TiVViOWWsXanHhcZj2NyWKUNMxFUQiLo5+ZToar+Y/YAsMGlSqcsHkXVoxvm4LTeEEStj7Ty4AvX0dx9vF4IA++R6QA20ag5RDVN2gMou+RYoyGkU9Si/gRqBFMfpWaZXea5HGeWdBQnLSSAj+sJEdxpJIAqGdzsJMMTkm5DEw4VCRZ9nTCWTaz3xe7Kq0D6dgtf/zrY9LOQfgfCf9FmXfZPs2Sn+ado7esXU2E11In3usargKapqMXbIM/0lr42FqLfY+Cr/hRXgGye0eyD3JMfvJIikyZfxRu1B4T5zQATwz9O9TYqCLUXFwl8K931cWEFeEufrML37gz+V5FNkSQ/qxoJiYIhKPfCPr+qcX+7P7R0cKcZUEhlH8w3g2u7x/eZyhuJr3A6B4sI99dEvzU5m8serAKcgQ4Z3fKqOObxiklL4s+eKM=
coderdojo-nagatsuta,nagatsuta,CoderDojo長津田用のサーバーです。ニンジャの開発用Webサーバとして利用します。,ssh-rsa AAAAB3NzaC1yc2EAAAABIwAAAQEApLcwbrJTRTnAhAEVu02cWosnuubr4C8H5PzHgcoxmPUYdZh/2kp30pG5RtpGuqV8i1AillmsChtrVqK6v4TgRY8/m1/OS+Jd00LknTaJS2tA0ZhqS7Rde1hZIOZfCuMXlUJSgRfy6at2F7lkHhjF7zhtaocyo/eu4VNkvc6LZnCmVPBmNuYneu+PXH8xujnHn+H8FMPEjaYDIK2J2+fvyuiAfGX5emMuYQWbkXnvES4n0JfaliuWgKiT3TMF1EpqVlF6Y/304sVh7lyXEW+NUYMET6A8wKaSFHugioysXBaofYH2YZA2fa/mHYmpVenap2MaYC/Eyge7V2g0S7lfcw==
coderdojo-chofu,chofu,CoderDojo調布用のサーバーです。,ssh-rsa AAAAB3NzaC1yc2EAAAADAQABAAABAQCwtQxtVIXN/vzbuSotVgiK4Xp3bnSV0XT6idXE8Oi+OE6j1l8dj9Tr1t+Ui0zszzc/D/ZDcyiWc5JD0MVm+Qvxi5M+JmgRVvb4nzHopMvtY6if70qhV6fv2Ay3s7URqch6aBq/c6p9DxJcGSHdfBQNbJXGJd4lxxM+5YKfrrJ4DA2Cnwbvla/R2v3xWnFf9naf2CEWVzwdZ48Sf7nNdMPOaJ27v72Jb1CT2LRlb8683nm23ty4PLb9egczRy8th7IJNLX7G5FgN0Xpr8VO8liRYrw9vw+rxoIffKS0RoW677ZIUnZHPF/N5cprcqEpvZUrjP54Lr4nJrIe61nRygD/ kow@public.key
coderdojo-tempaku,tempaku,CoderDojo天白のサーバーです。,ssh-rsa AAAAB3NzaC1yc2EAAAADAQABAAABAQCjWEFQQBZoIyBhn+pZmr7Imoa7FLqL0SY8fy4/aSzM/DVyNB5K6ylw8IjAvjp7itMaL7B1Aff6L66R+4VW38mR1DQzcAN7mUZVmjZTh5eSfNFaSkrVezvz+eUYqnyvQ3/Q3crKrgelp5UofAjHZHyz2x+C190NT4sn2mViQCzhh1j+iusVtD2CyVXbXhcGAD2ysWSLx1ohtb+M7H/he/Cd8D7N/GrxZrXTyTqMpi2g0PMvUvpzyKpVSTmz8Fb1MDnIZAmgVfo8N2QYbrylmbKafax2aUlGpLwo4yevCOk4RyN+1iPq3UyxZJ/zylCLsjBBMYyC0Zcas+J2lCyT90J1
coderdojo-takatsuki,takatsuki,CoderDojo高槻用のサーバーです。忍者の開発環境として利用します。,ssh-rsa AAAAB3NzaC1yc2EAAAADAQABAAABAQC2/xS1dR2aacQ1EVbPQnDtSkib+j9Rl6v2OI0xLytE8z+E0HYW2XRsDYDV1RzTojadovg41Ca2lzdfs7yYzNmQFS2A2b7o1R7q+BT+qX6m9fXktk0zCjDyjYgj2xZ8RRQeu1RNGnrttlarkDAKRMcSMLPKxoDSrohA507h5atzGTyq/8EUEWx1DCSRwWY+NQVi3vpLpBBsscMRunPVydFbsy7zvYtU/jTjuhLYIUmCCgqEPs075kfqD56jne1sVyoiw97CduyoUH+xDsm9HnCTAWdQ7EvBSTrqXMIFhNuIS0P30UXaJKCugUsAcjWhdOshfBWsgoZzBswPFAf8u5+b Takako Oyama@MYCOMPUTER
coderdojo-kofu,kofu,CoderDojo甲府用のサーバーです。WordpressをインストールしてWebサイトとして活用します。,ssh-rsa AAAAB3NzaC1yc2EAAAADAQABAAABAQDEzWyv/9Pk51ehP1BJwX0FJtmNOotNB2/2MFyQAKQVx67EWtbyf9pYB/fB/oS8ccd8F0acZFwzptcOkNLJlmkvW1ofcw/5aUzXctDQjNfIzzkl/7wjquosZA1mEZzsgKwFzY0VVn3TDx7ExzYgZyU8M/F+xildZogUDhMG0KVQ+hjtkM5P2vp1MmRF2lQjRs/oSXDPQCRVGYFMwKB5cM+2sjUa6VRBQkx5PZHBsxCteZohs0fAoDqWooodR3QsvT4DXB+EofhURHFazRA5Mq4QkYedRJUn4tbzNPCXbLq9rqwGDBOBikobrGY4D3U/5kaEkFLQg0LpOgYWgXaA9zyT hideo@
coderdojo-wakayama,wakayama,CoderDojo和歌山用のサーバーです。,ssh-rsa AAAAB3NzaC1yc2EAAAADAQABAAABAQC7pfY9VbNGtu90y5mC+151nU5kxHcF+iVRXylAgbDR1/mZlCsh2zE7Df5rERyAYzbgJj/BP3augSdr/cv+lSZKF6ALNSxL6qPeXvyxVQ54UBR1qycI54C6ws+LAatQhUR2h85Ia5dHaB8CGsBdC5j2U4tntxTDqg1tf1x7kkFrrDssgxGQSl0s6JK0YSSAhZm6Qw75v4P4UOVwSE6OMQIiKWpmK7Qqzcmo8vU/Syo5wSr81kTlTt4yVTzuA9SDCnsyo0wR1ZupjZikY2wucaFAl1k2d6cAXKCeT0lpZfiCNr8Tjv92v/tdPlCSbbWN4/3TlylBen9bmnDXygToFz6t Oimus@KOJIRO
dojocon2017,dojocon2017,DojoCon Japan 2017,ssh-rsa AAAAB3NzaC1yc2EAAAADAQABAAABAQDG4mtK9rZyaxrLyiIIPEhJY6U3vd+PCzsCOaG6BTH6509Ng4Dc+U+LfCE/eK23r2oV0YVY6w1nHSLdcCh0vEzTLB86Wg9xBImiNVv+NoxRE8ZpQZtYOAYdlcFXGcHd2ED9V7eng750L/95PF6MrFuY7YKEHUJfIOdn92Cb+AhbjQJ3hBe8F9GTGV1dYZsevZO7CWx5LYk46MXtUMYMudILy6Qy8fI9swIFbjF8I26qYOt7itaHitGENdKG/JYl2HMqnn+TzIsPEBdPF3DJtU0caaFopa3a1xx0a52/0hgMG0a1w6ArmTlrdsTbOntAuhfJXFbtoYOSGazlM1Ht+TCZ takashi@hosotani-no-MacBook-Air.local
coderdojo-ginowan,ginowan,CoderDojo宜野湾用のサーバーです。DojoのWebサイト環境及びニンジャの開発環境として活用します。,ssh-rsa AAAAB3NzaC1yc2EAAAADAQABAAABAQDE3b0KOsT/3BDtWuq6IFxSJAZGlGQSCqriv3mGH9KegbhQwNg1JGo52rUddyNDQ3R3bhAStsDXisMYVbUMZCT04Dnxw7nt7ughIP9ck8RBSZs3fAYRsKYQzsiNdytvTA2AIfLz+VGx/kSgMd82dqMIGgAACCayTyahi0N2/ssVmumvJMJg0ZcSCF9tkeRHxeJ9IRk9UFkd84efidtxQlInCBQCUyJVHCowZ2RkRdR5a6z+r+iS1PTPGGGdgIliwwCBVlf1Kt4coBTkOZqJq1lI34fhQZnhK5oBMwLHQSBsIwLrIz+vicJy9CbuA1EhjaDyMA5bbjqEPopMsfsYgEz/ coderdojo-ginowan@gmail.com
coderdojo-okinawa,okinawa,CoderDojo沖縄用のサーバです。WordpressをインストールしてWebサイトとして活用します。,ssh-rsa AAAAB3NzaC1yc2EAAAABIwAAAQEA0HBWeA+yLPS3JZd6LebHmQo866CZimYVHkqwWA/d9lkw151xcyRKPEkcmc8JB0CfxTGEaZMVFu1yIvj/lcn/N9JIWjhKN19JwCZHvej4/RepXgAow9UeA2Gn11MJsOEaI3w0NN9RC1LKV7A0X1Nw7aBRgPFLaFn0ZjvpZLwq3prs6vB6r/SbNclDJr91xlq+cNwfKC7+YXbOtOjcrMwNejQzi1lvDfHiZwcB83b8BdMGftfNPkxcu4adAWFE8Tyg5hFHALxsAJzwL8PDjbYmd7j+6x8zNhRXPMjraD/TGrUGg6a3BAW5lX9IclRaD9P0MED5mkSoAjI7bDeYalCyWw== haebaru.jp@coderdojo.com
coderdojo-fukuoka,fukuoka,CoderDojo福岡用のサーバーです。DojoのWebサイト及びNinjaの開発環境として活用します。,ssh-rsa AAAAB3NzaC1yc2EAAAADAQABAAABAQDJT2kOvBzRUMNT0qiqHBH1wcPWkfA8rVHm0v7ovEZzOZ1O7nUZdiJeyw4I60Oni5VBGzAOOcYxtwzeQ7KdmAS8pwOW24xJDtdqXqE9u925O2blumI8hLqkPRpFkjbFfoIED2eScBWO8j/h1xTp3wwgkuNWxe/dkXhqk2eeE4akdd9mVcV9wTvRRRqzPumWjtCZ6dvSDWOOOpDTgq7oKs3zsOUVzfLPCYja+Ehrsx+eOdIvvTxiqAHo2StC0mq1d2MQ3+gwBbK+ueliS44s6khBPz04VaSTi0RG9ZLkP/xpcChchFAQq/HIUdjhPyiaE+92cMURmUhIa4kvSMsqH/9l coderdojo.fukuoka@gmail.com
coderdojo-minoh,minoh,CoderDojo箕面用のサーバーです。,ssh-rsa AAAAB3NzaC1yc2EAAAADAQABAAABAQCwnThn62fW5Gvr9xX91M3iKoq1apnYj7+w5nnDMlVUUcztEWWvAynX2l4nJ10ngn5qkg7JUlbZHd/NObvEMOvEZcO4onSmBVjGgAupv1ZKVSJlHjKK4AJKeYzTt8Rn3cx/QgYU1uv9pMzKND0+8iUCJmgp3L5nJAPKNMK7L1y871hMGJ0PbQpegbR8VQs8XSGy3RXwlqa+eQjmU3BlrLmp2n0WFsGcjpTA9BD/S07OtD55YrO8j3b2W8JSpkr3jSMXPAxux9mQfmjjP34FT8oAOnUFldbvozb/YHteJ7sJd39RgDU5njyidQtuOc9zdBEEqtw+O/FRAKIWfHAFYccn CoderDojoMinoh
coderdojo-umeda-nishinomiya,umeda-nishinomiya,CoderDojo梅田/CoderDojo西宮用のサーバーです。,ssh-rsa AAAAB3NzaC1yc2EAAAADAQABAAABAQCmJ2MjY2Oocz27LiusWi9qqH7rxMahqOgNj9zsGOuxEi6JVjj7/tXwT5KrjFg8E+M/K5jVYlaI2IDgrIgyUYlTWUiEwnjO80SvxW/oK/I67IeMlYPSNTP+EGJpCjqFwk1wP0CpDRBBheGBnY3Fb1PYWA9tu7erRB/V20Fb6u9hvZzpWclNjqOgfgGrlHEEjoqe6ndSM5wBxuU2cLWihVzCEou3gHar4UdG1v3+nSK9PUpXMcfSbzM81NZVkI157eT1aniB+X3jmfzr+azc8sNFs6l2UzWI8N9ZeZ+27oLgLjsa8F7EjnYKZGdJ9z70v0P5ZvlMwqIf9nehkdqBywPN Takako Oyama@MYCOMPUTER
coderdojo-hirakata,hirakata,CoderDojo枚方のサーバです。,ssh-rsa AAAAB3NzaC1yc2EAAAADAQABAAABAQDYkc8baywGCVZaxIZsMBNfqi3kQUFKB8uR3Z2i29zKFWbbquT8Xmazkkcv8B8cIRcoWb7CpdtPKN/li63p0rZ/DoWuBhjEa19chx5F9ZC7L5pQvL6iprgE1owp4sFdUq/FLVZ/XUI5nj6V5cmP5hbUJXkTC3/QrpsAx8IwIjVAJmy5W9B/YgHaf97o9+4Y+WtnCpv1cPwechqYC+VuRGzqcNCfR5xqmL4CFsBIlypMA5HD0RHwOAUd28VIWr26waHSNB6VpwcHhzGQxLNwKyTShY5g9221UYeJo9cftfLGq4UVD4n7/Hx55U/+DpN/HMxFQe8UA+JlqaAs78xPTos3 hirakata.osaka.jp@coderdojo.com
coderdojo-nada,nada,CoderDojo Nadaのサーバです。,ssh-rsa AAAAB3NzaC1yc2EAAAADAQABAAABAQDFdyyDrEYZRCAc5r3ATDqZHQkoPMvwvOjPMM6VyDXY9SEME+SpsGYX17aqgSHtXOXV2QwP4vZ385ORunc4kaED6jZoOOby+wDZdv0cKtwcLKhSl6gRQBwy69y0JHvAgvpV+IhHx0y0ovBesX5XVFiTlNgMmgxQyQBNObyIyIzhEz3/7KfQJ3o3CY+tQbmpOsvleX+A0vkcvHIqPtEErz/p+D4Ui+xVpKs2RiK/BcfwpreMqyNp8wdi3+rsQrMZNOvCh8o0QEnw4aSZFlYcUUhQhbFSbxoII0LfIr5e+HULbmyxNusIJ+rw3W3s25H99agbI/DV6lIl0/kERjhzvoWr tsuji@tsujimac.local
coderdojo-sennan,sennan,CoderDojo泉南のサーバーです。WordpressをインストールしてWebサイトとして使います。,ssh-rsa AAAAB3NzaC1yc2EAAAADAQABAAABAQCXoOG1LsJI6gNe6LFsHnGEW9Zvej+XTFe35D2gu86nEmGjlB2o1aqPndiuToJ+Fsr9LrFuedtGeEvdgBIKo6YWyGsjmTob253H6DbfMWoRLu/ptuyVKWgO6pU8umTC+t7aJai3oBLXN8bRkuSa1n3GI9VrcmPTyViDxo4GQ4HGnoylXt4OWjJJLvc0NBXFs6QTqUX+1gD0TC8jk2nqH+OQhvg6I4zcNZxoveE8d+OXT20WhZqxELCfvD85Q+9BVR7G2oMvlwbUM+tXKgWtmZ/pnd9wW+0cVjGS9S4AR6jeB8RLGyhvlOeDLWjoGnkML25SZQ+9jcceBPOYS8sqofBV a-utsuki@
coderdojo-nagaokakyo,nagaokakyo,CoderDojo長岡京のサーバーです。,ssh-rsa AAAAB3NzaC1yc2EAAAADAQABAAABAQDet/6imaTdVXBN1+xPO9IHG0MADsuZWTtFH/5gED65IOsT8NgXzWIxOrGos6eFogLoyT/SfP6W8PeRfydAZvPIoV7HfriNX/zP08lGQwAgg9bvY3piLXMVJEMVAIWATUbQ+tYPLFxPeFgBAY3tEJnhkfmjkda1jNzha+jFPC6WVaM9j3WEPPlWnAAL2mvch+I3oWhi/zrz7hA6fU2WN+vKukXptLIuIxIK7C/nNtz0ugdJPSBTTaze8NwT3eMZHZDfCbcFv1oUkqXwu1DMs23q8ngUaz94CBrzJqwFrHODBvbGGScqocRZ7CoK1m050BgDr53Qk465+l0hA82glPmb jinpandy@MacBook-Pro.local
coderdojo-kashiwa,kashiwa,CoderDojo柏のサーバーです。Ninja向けのWebサービス「OnlineDojo」の運用に使用します。,ssh-rsa AAAAB3NzaC1yc2EAAAADAQABAAACAQDGxwEa6O5lNl3WwssI/rmmoVA0eFy/MQrebxULft88M98XR3XE3GJbRxv76XJL7rrdMU26r6JBbQ0Nc7J68RQ2HyHALYJtTdB3kI3UUHFvslwFgjuQMZeI4jFggxSIzdq0HFkIHJW3GcYphKe0nkGygWVyMEwO9Se1x5niLfS1JC/V70uILMWDv63l9fpSWCddSADc0lTCBqEpBfy3PAogpzltBk98+bJEPGYJwMQFLwqQFLXl0O2ij9OcxGdV0yamGXyNoWvsSPfZ71ZCTwOLqUv8Fvq0LQABTs40knZgxs33NWW3iAVd5VE+lByg3mxSU8lA9oRVZNv/Fms/jjqxKqbzSFmAY/Fs0eyja60Qw4FnO+MepkDCcor9sWi3X6OYyP1+U3nNKbIBUoTyWYGzZ1N97PQU2TEXLlhHLgixttDlFSB6gp6XXcTCBh3jyF5ChG8zlXV+zhLq16DZvF0TyUvt7bD77izfyaLntYtztuc0ge3u9cv/agzZOdystl/zsh3yombKs2sLOmtdsiygd6PNbZNpXxGhDy7caoRU9uAhLKhWxzHc3Rc+DsoImQRsOceiLVL1ZQOBgvD2ALO5KDxNL5SmfB5IW9hhXGtHYSzvg6LliXnyEK/ak9RLiecL8iJJ6O3b4JoVplIvmkjGGnxMwrwap8XndHzsgi5nkQ== kec.bigmt@gmail.com
coderdojo-shizuoka,shizuoka,CoderDojo静岡用のサーバーです。Ninjaの開発環境として活用します。,ssh-rsa AAAAB3NzaC1yc2EAAAADAQABAAABAQC2rCUV+CBYoUw+PIhGlom0TW94spFOGlNL7Th03d12kpXT2DK7ZVb6fGZPuuxzSyiSljKZTVoyuPacUDehoOXdxwg/KCKjOPrGO5VDADjrk20uUFUHDiXRSEGKr6vngwr3N0wtlv5Aeo1btkoUDgWwGPZ3Gi0ftY26vr0CBa2muXd9QgqIAQOJQNHCPvtLI4HYGbLkdR8NMfr2GykdrIgdQNxRyWNvKURAUGN0Kz3oVfEfDNofsmkGQqXyovWgDXPjkEznceJRgC28yIFFVNVFsgS5q45O5/16X4EiNOeOIigYWRNTrySPxO7x4a6nPgbYTLKNTwEOONnHmxtKANyr
coderdojo-aizu,aizu,CoderDojo会津用のサーバーです。マイクラ用のサーバーとして活用します。,ssh-rsa AAAAB3NzaC1yc2EAAAABIwAAAQEA46wZeklxigstp9a+NXW7bKRpld/qN1BB0le5xmHCPkivWjbWZwB16eTxb7LexVk9q3WGj1wdO+euz7ed0y5+g5c3t3CbnCPEVyVH3iCJ9HBFJ0Arwhj+OxT0vp0X73Et91nf1SWz/z/j0ZQtnIclk4vZ2ird8r0F9SkEaLa6+3V3g5YCHV4Hy0HMF1UNYG4LdsIm/cUVimLBJRBuq2OyJ2hXtpgOqhTgTVuefcw667Pt7lMq5CL3lYBYVJPHx6FElhUFpGb7JZZiV3APft9TKid1U+vrwkXbj3eZK8kk8Ax6w19Spr+Wei11+9ipIJbl+4cLXftbEu69hFzuvjou1Q==
coderdojo-kurume,kurume,CoderDojo久留米用のサーバです。,ssh-rsa AAAAB3NzaC1yc2EAAAADAQABAAACAQDQRjEnNUzNuqV3CbtWBANqvufUqD+q+rddo9/ElMo8sWnTBpunbt7H1D59aJSZM8l76nHC4702a2gj/74kYuFw/GjAbUhF4YGjeNuKT2/Tj82e+jhD+f20UC6l0As43Tj8L+yRSMJhTYHDTqxOIVcYO++f/usaFOTw7MezOQR0vTyNiNYlzs9v0oiQHNR12Y5rBUd+5Bq5Rls27oqmm6Nw6BXPkC7wv0Edbgs1O8jWkRJZCZxcCChtzes5T01zVGKRpjSHIMQf9Epilbd719GAsM2AXWu6hgqiJVR3hWkyPwepwVx86N7TM9BsS6SEcV6HHdPW3S3mtZsz84F6vtzu57pWZgZRel7tBmurfJYXNAsL0GvwQOo+D2Oh7lrlyM44v/5ggB+lkdxTOudX86ZwcGpkCvDlx5o1nPgEjievPpHVrRzRKEY/olNNFUg7U+os8MqPrC4noaZr2DYX6mhq/k0m4ek93M2+Vq/iNoOSYwc/uDJCcSn0/pw1Lt72T75D6nUV5idgzjY9JmnTboYyvF1xMr00nLpAuTo+3XqdlmHSWZlC+cpZ5EoMfsG9XbFrmCS5gmx6ejyGwwmQI0O0W5YcZq5uRARsDmdZm5gWQQGWXd6VWclR92IeobPqKu7OGlp6btXsXT4rgZDjqDZP8lAuGsn4bC9S/MFkS2Aszw== coderdojo.kurume@gmail.com
coderdojo-inagawa,inagawa,CoderDojo猪名川用のサーバーです。,ssh-rsa AAAAB3NzaC1yc2EAAAADAQABAAABAQC/AOT8MNi4pHa8rrjpeX+lkQCuGa5U7BElisarZtzcexDcqAN1gLZQGC4+YzrO4XjNprp3U6wt9w9B9VCNGZ+7HgdGuyHrUJLlOv9v1ct3Aq4u9b9Zzve0aR8/mEfc9HbojTg2fjRCgpZmbTyalE/Pofm/D95UT0Yyi3R38vlPsoxpsmkR0eCPMQK2YQl1wOphny27JqgEA8dk6KJajMbaZmqAlekZVCrZ1LjLwVHJh9jX6f91SFlHYPy1ordsoxZvGtizx8/P9KefuiR+s0SKaNBHXAv9JpDcpqMtvciztHKeq6pDWg2wd8YpNSLW41j5MT7C6xwzbGfOakr2HKTp kenmo@
coderdojo-shinagawa-gotenyama,shinagawa-gotenyama,CoderDojo品川御殿山のサーバーです。,ssh-rsa AAAAB3NzaC1yc2EAAAADAQABAAACAQDKrtkUb01Y8kzl4dDNiGVkEumVGPxOk6H5cVjKysnEUWqeKp3JQ9xxq+mKlMOg5IxLzgGuOQNBg4zE5n1yzlJMj5bJQJdTnUbPIf40Mpeetm4GX6Ijza3htC0M4dJAtcS89ZN6QzuO8okU8dnbb+Bx3BTYER9SyK8wh0dRwl6uirBw2wz5gAomjarBexTNi9oTguIgDz3HOOi37PLipbe7+UFRFOip6Ux6BM5XlGDMmUMDhP/NUwvtuGg6dEU92G5NDEpG5/6x9CvZA/5JiXxIbhVXKZcR9TbJZ2O610V+DvluQtkUeDoH2gX+QzTAIKANdtSKn8d6bTyjJcugrNgMOysVzOWbyAzdxx9sGjrET2h0ffSbLi/ZONePifu9MSMe3absCe7aQ6pgGT8JiDvuABCIc5eC811A5WE0M85MMDVgpsJg5kXYbTRUQ6pXg8e9WOm0g8npoPxkw/SrZ2fFPVnPCcnZeJunIJneNcdzJJfQ5B6joBgoMn9ja2VgxTaYlz2IZU0JmtWS9uKnpuNAopA7/lElYOHsxS7nomPbV86paq62+P7v5RqRKJJuXJGRj7toqCM3TFxqH/AHV9QKte/Ky6ax7BccQ5SuAzhYodS0ZsPBmJvf+I8v1OnRcr5bVUVHUa/dw3EKjyndKyY6Ceg4XcCneyu562JNyHpIkw== shinagawa.jp@coderdojo.com
coderdojo-urasoe,urasoe,CoderDojo浦添用のサーバーです。DojoのWebサイト環境及びニンジャの開発環境として活用します。,ssh-rsa AAAAB3NzaC1yc2EAAAADAQABAAACAQDnOYZumAKcdabzp0BuRjf1tAl6H6jP40rmMDbiuyBcwNZYmW72VeOQZZ8K+W/rBdQNMvoQ2SNZzYGPa9A0Fusv6SIbzwG7TZMg+LvmAVHoUnGOUSxX53bcu6FpEDqiuc6dgZd3HRkKV1niVlNkQHqH32jeqkkzpbpcp+guwnVwdAq8ckKxWS3DuyV4EguPpeC4UTdnhhnOyp4iPVK0CAkKww1KCNQC+/4MdztVImxcGbJvcV+/fVWEtLwuWDNmYoM0nzTB39188vHp/fFL8RJAy4EHYoxzQCCQcVVIwzjDG/oFQqc2LFwQSoAliC1oV1lGSVw/1uPSx0bkeLkZOor1iOtlu16zCysn7CmF960SMjrcINyUdRQmg+aatjWULEWczjmiStQ99mxYr3CCdjsrL9TZlxZo2oWqBAeiwznDDYFl2j1/vn3k/j3nTYlYQLm3yryKfn5tFlXqhrj0ni/5s1x20ACt2EOVFukHRNrEKbBsWX0PDUZcqr/Pkr2zkAv4vEOh190jhshJX5SUP495I0yaSrosmhp0JCKzDgeUkVEX9/3XpYJ6VKVl/7DeZ7yMaKARvhglHlVFAN0t20GzKRLDabrkJVyuq6sja+zCKBcRes0t95XJsZK0SpvNkkzDhSFQHd/K9JY0+6UeRnarT//snKeAWSmULYZhBcbqnw== coderdojo.urasoe@gmail.com
coderdojo-nago,nago,CoderDojo名護用のサーバーです。DojoのWebサイトとして活用します。,ssh-rsa AAAAB3NzaC1yc2EAAAADAQABAAABAQCovmtJIQq5eVtZ7XyI+JJEwDLNDC4FD0k7vDgzUZet1Rf7iYzCBWNccXfrMH3VbP9Q+H31y/WG8GLpQvonYv9KdbbrlZ+xsEFiBiThOaPyXMeKqtzFXz05l3VlvElVgTYg3xiTC1n5CGbgJ8sCAmmAkqZY2vLPGIAcRpY+lRyzUvGc2eh+UH8L63h/efzyQoSZGbT/XFSyr/iEzv2sZgC8PtA77iQLc4YzNjcAyzVp0uNCrOxZ9e+t7VsGE4Px2a0nn9Dpm3Y87YIbBXM3BcI1GdSukmC/FwCFf7Y6GPaFgQgNVn4MA7Os40dXQX7QCFqSqwg8OV9NOm8eEi2oL8nf
coderdojo-toyonaka,toyonaka,CoderDojo豊中用のサーバーです。,ssh-rsa AAAAB3NzaC1yc2EAAAADAQABAAABAQDVJj42CQ8p0yoBJOUN7DyEvPvzldAsbzjgBoIVXehGw3NjU1DHQZa+4LD8oiHdSWUr6Az2rmc/tYG8euriBGaEyJs80tlKpbq3UDkvphLMydCo0YUu3XeTgXzZRYljBpOD68osMD8TCaxr+J0HIC4n7aHYu10h+gqBIRZH9h8+s2j6Cs0tfR0Yt9+KEL3XTBMAvGBy17xdKvrg00X6/E7Qam8MS6LaiQKvN48lBudnRdfZbId9EJwZUgdkKN/KmQorf7c9OjzO6VhPcMwikUDX2ruUDenL9uFeSnlAE1RzS68qiRAHGt20duPkEGg3KDZ/qfwiVR7e5r6JN+ydk2Ub monoc@DESKTOP-AH6IU0A
coderdojo-koza,koza,CoderDojoコザ用のサーバーです。,ssh-rsa AAAAB3NzaC1yc2EAAAADAQABAAABAQDFTq2TK2grzUs6135UVVI6XJCgtXldz/em1+rcy7/Na16h1N+bPfyrMeouHh22IRWm+NhjgWCAmDP/Wp3SrrC9Is/x2fhX1VDDY1nJQBz43PVO0QehuAZuezryNoG9jhqzquZYwjn86PbL1H5T5DutpJNfi4OvUs5U9ALglOhcUShZwpTyYGcwmGMfIRFVWGrZiMs1CwqWBgU/n7KAuOnHzcjVJCCXt5FKvYm6btpefuBkvuT0GB3Cl4tpeu2xDR/xQNvnUZSrKd2L1dHaGmT5364OeG0xlbyo/aXluatCxRmKfUG6AU7JDc4JWg24LrvgYrNbS87dZ+t6gxikplDH oshiro@OSHIROnoMac-mini.local
coderdojo-ishigaki,ishigaki,CoderDojo石垣用のサーバーです。,ssh-rsa AAAAB3NzaC1yc2EAAAADAQABAAABgQDLShdb8LrTJ0pKWDYlJG+fIM/xL6wMO5Q1livDu9YCIF7aqMaQkhaikJXiJm/ZhmYcHYuahja2FJ02X+knQqvn0XNHYMU6EYhpLD1eUBKgYuLhcsiPF7yM5cNeL+moX/2K1DEbcZBxzXZd90JvC56HiUeOQ79DQXkZev8ha3AlVylT2dmr2puzGHhWLi3lKRJ1CcfexSYdHWcg4PeuRAtnM5T9tGK9uvR8dU7SYYRa1ohBiaxpR4wE35RfYy1cCjdKaSDra1FC4oOVMJPW7SeOB130EOyz2fuGSj9CnJts1uPzlRv/a8Qs5SINQoj8bdDIoCKMO7F9B6ppSDrM4PolZs8nusttfL3YVbLULpG8aCHknUTtlRGav0EyO4fWAuRwVCuCrab+ztQyugDuQn08oHZU3b0zljvLTHkUHlEMT0dKs4GxuJf3kt3d21IZnO1oHyEGtL/NGjxV1nAUh+xSt/Fdru3fRy0VFJr7nkTEeaKBnnljQnQEq3Box/aKACE= Hajime0512@
coderdojo-matsumoto,matsumoto,CoderDojo松本用のサーバーです。,ssh-rsa AAAAB3NzaC1yc2EAAAABIwAAAQEAz3JNJ37VUNHkxJXHS7hDcW37nJuEWIUm1dKAoh454CGKFqnxAaMjbXdRaSrb0HviE26lLkPaOkuoZMfirdoACp+C5Hfl6xsamrrBOaOxo+nswAeMKTa+GYqYAQ83hQP3BZNvA7Cs0YI3ilfW0RvFfH7GPXXOiJMdf31uavAuBAfrUADwVpSHr9PhaMrebaztp0QacSNSS8JL90L0WqF4Va9dt0Qcaa3saBbtTjW/w8gwGNccRIKxEtD/8sCfSUFJvUc6cQcTHvBS7OciX83DQ7vZCx+5CH82EGZFayT7GtXSojhszcLotRbz7RIVyW2ZkEBjdSJXzw3FX2RvQet77Q== coderdojo.matsumoto@gmail.com
coderdojo-ofuna,ofuna,CoderDojo大船用のサーバーです。,ssh-rsa AAAAB3NzaC1yc2EAAAADAQABAAABAQCwyjlbLyIunvR08T4IbPf4A2OLfUh0yIKtenGilvpg6N7Oz4t9oU7eM/dOBoNgk3qtXBSQhEsMV4p6Ftojv9muU+ejME5VJRcobApzuBPUygrNXpsQJP85S7RrE7vcHC/Fq8XbgRR6Uy7W8wwuzwlxSpls7upy/qQ/XJ8ErfB5Cycc2l6dwaBQSVXLAbu6Avr2LFYzD8nZWIsP0wQschc2vIfgvgrRzBIv/IhAT2RKmmrGWyZnMu3RFPQxK6wfp+ERt1Knd6rtrClfA5eNU80F7WjSt69T1RWRiaNPskDjJlUP1OXG96M4xJ5oHtpUi3c94n0c/+H2fn1U8iLuxa1j shirokaihatsu@PC80699
coderdojo-nishihara,nishihara,CoderDojo西原用のサーバーです。,ssh-rsa AAAAB3NzaC1yc2EAAAADAQABAAABAQDZ/f4ABLWCLktt1IkG0kFNBT3uVLDl0XmrzWjQphmxNbMB9G2HdmiX6E/DL0JWPU4bNlqiB6dT6MaWhVuGyJJStZ+aXRaWA6u7KXpD2nNRHaSXRyC2dKtuFYWJbFb3lkTjaUoJwWAu/h94i2PYpkcwJVebAiYxrDR04SCFZPq7QPYi5JYTWAs+RReIxFqfKeVe+lJwThFmcwlTdkIpmeJn7bo0iI8ZNcHdTGxmXDj20/pwNUaX+EgDBzK2yKZx+81pcR/XAqDuYxB7P0titCPYmX0xElxUdqfGdV9s3QthXbmQI8k3TuqaU4wYm91ZUFQnPlhxW9LQfoU8cHyN7Zkf @CODERDOJO01
coderdojo-sannomaru,sannomaru,coderdojo三の丸用のサーバです。ホームページに使います。,ssh-rsa AAAAB3NzaC1yc2EAAAADAQABAAABAQC90bNg7/rbVtQpfDyRVGOYUZSEG7YKJj0GCW46L1lCzb4wzlY82iUGnptEn4vALLW/9BuTI5iiowi7QFMu1iKqm+pD6XIzWo1IR2QgpasYMxGd3rxWSbpTNOyBaePfK9GhwUSNFvzOXZuvyQbcePILdwKjmDmHsg5xs7k9AdDVT52cRObpNN1PFyXXM3elbZFnTiGj8AqZdSP6SuEUp/n+5uC+CpCaSzVR7OGcsyxvgotRTX6MQlD3ljoxGDZMBMs5a3JDY61/zp5u73RmQ4ejexaIoQf5NqlNGdNArAZeOTmJpsZTyYN1K/u6zUdouPlBkAlxq7aLrYZ0Vu4Z2Nkd ituyama@
coderdojo-suita,suita,CoderDojo吹田用のサーバーです。マイクラ用のサーバーとして使います。,ssh-rsa AAAAB3NzaC1yc2EAAAADAQABAAACAQCy0O/CL7WwSqgk17Rk4pPXr1NKF5lHxdTe5AFttEhPDT6UU31qTep4JkY7EwQLgl84f6ybqxLDqwKcFF+tsLVSP/9hAXLPfOgE/ej8fMOZB47KF4Y0q+WCs9n+HinNyfg4H96MulDPgjR/2zC0NJnIP7YS7og7V6knknYxpGByFSIMXcvAtJG7wuULg8tBbY3ozzT610ZIzDynLay6YpFxe0EfeXScAHoXdnfMguakWKpi66Sj67md/3ZQhoZUc8vt4q4zOizEMtU9up0gefz21UY2kOyjhiKXi3s+u3GmgzFMGzcq2wZwtsv7nvwxGtxANGlv83RRXtzEqK5hWRXnAt0iT361yWqMxuPqT7KKZalTis6tIuD9teHGi2xCPjysAWOnho2WdXKU2AB9oaibFJUUb3AHEP6NreKzAQJw+ER2Ec114WqsFyxdlE89rHHwY00qkqHh5LP2I24p0hs5tTLlQ+aSHjIONiDUywGW3F58JUI2LoTfQ9OKTX5sZoCJ+8JR/cMjtS5+z5ZGkuHQb16WopEWBH1J6LKZ3KqMOdF7uwavAC9Jps7WttywBTMdkrs9L2CiIw53mMrP+ie6OPlc/crZWe7uDaaoLGZ6ls2jWlmBhfQoIjqNs7cKYKBI+J+2urkYVyiwa0zUbNIAV+7vlyv+P6N6/fBN0MZGMw== suita.jp@coderdojo.com
coderdojo-todakoen,todakoen,CoderDojo戸田公園用のサーバーです。,ssh-rsa AAAAB3NzaC1yc2EAAAABIwAAAQEA7h8Sl2b8qJ1HcOja9WMqcB0rvk9sqsC9OSEhbWwXohvSduODHUAaXA8v7A2rmFfOpn7JItMri1fqGSSXw3/QjYyVUe9t8KdlG4rd42i+rRIMXOhq34C6RZJMaP1Djt8hyIlkECPcyAPkBAxx5JRYbxpurqWuTVyDw1hMeCY1RR+DpEKN8ImhCS2XhQQj35hRr4sk7+gBMOIHuCif2gPA6h6MaIE7cyFpV25d0gWSiBYgw2eMX3NyPTsYN4wZC3fj6lJcz3r9/1xi4JUvodKrW2fmKY1b1BzTSycKGYvxaKl+Z4+sUJVO60VhjYmmBR7ClXT5kw3jUpxbNTlpKWK5aQ==
coderdojo-itabashi,itabashi,CoderDojo板橋用のサーバーです。,ssh-rsa AAAAB3NzaC1yc2EAAAADAQABAAABAQCxwc9TF7oZ9KH9OMH+XgoJyUMwN8Vjsm81CoJGHscILNuwIK5RoitNKaB4Mc6gM/R5mkVMMWDMU/mpZx6T2Y9RMgAuCO38dJ2axfeMDIvx9WVBkFjf+fXectlQUiEyBid3JNceL7H56D2OfX6oDOr6rjoUc7aXGcg+q7TazCw9eT6MgBcaAZ7BwvLUGqI8bndTvcAnJnX/DODzVki3S7XkdI1IrOpGDzYbVoYL84P+xDAw944bzVLHYJm3dlGPmxt5Wp/RFb0IICKY1aETsYJ/CPxMwcB/5NT874M3jtxWxPBQUrhx/hdJKVQj4+B/aGAexs5rp6i2WP4WIdKaajcN masahiro@masahiro.local
coderdojo-kamoi,kamoi,CoderDojo鴨居用のサーバーです。,ssh-rsa AAAAB3NzaC1yc2EAAAADAQABAAABAQDj4H0JrmNt0ihJSbUoulW/ti1ryqDLakOOSbR6fbL6oUnqZOA0Bmn0QRwNSwPEmXiacvfcQXz9qgACtr4hvX9Gsddr4EZGidqSUfhe/iy5jnSqu9d5WAwsm3JiYPyDYILkgsT7KSbPgXqRqNnlzTLjWI5eAPWu4b7zj5tIMVoX6E/BS5rV9hJuPXX0t+JoX14Ysly1JcVoP/iOkE1oOU673O5ExKGP54mAiRoGL+9eDo5GwvLJ7Onz/QsWW1yK7MR6IZOssFln3cxH0aNnvzkdlDKKKtK6mDQa7MY6BS13UPitKOT4t3cmOgNDK+vRfW+6nzzg1vN/hdCBadTyvu11 takeshi@TAKESHI-HP
coderdojo-ikebukuro,ikebukuro,CoderDojo池袋用のサーバーです。,ssh-rsa AAAAB3NzaC1yc2EAAAABIwAAAQEAlXCZ1la2qAWOvgYJoWRmknf0FlDPLvlJ20TNL7TDUJZ0h3sSbPOcOaUGpw6tnHtm//j9pTrYU7DpLw7cVwfaXYaozFboEZ8qkBTuWI58lY/zKS5/k97M8CquCRkr3lRaVMGKeYJXp79eLJ343Q85WL482ol7Y6IHniedKRXSXCGRl/6OKSsD63/8ytw3yazQf4g9iaxY+idgJKgl81sTVWgQ5NGUZLUiRw7tg0KnF1TR8fKErpTPxABfh5BTsne61bcOocoxhhSizxcTHyM9k30/uWDsmR12IM6m/jWPWWqwUrsg6yh9gKxgjaBT7FXwrlfGHs8/kAbd9TVjJ3G08Q== kozureika@kozureika-THINK
coderdojo-kuji,kuji,CoderDojo久地用のサーバーです。,ssh-rsa AAAAB3NzaC1yc2EAAAADAQABAAABAQDW0vzEnNmfoMSV90J5bAFF4cBCWXgFuZzew8M1+npDOtKaElCk0qWgLJFEd3FdYG5xChDEuqXasq42dtJlkOXdxdTr9eNoqVCpSP0fY+c5IDPjvgQnXHheaXBOLi/ONYCajtuRQLtJvN2YPKqJ3Nmf5VBXg0i1ixCQxm3OHojEeNWgh5nKgpPFXFmf+cQoHEm37xBqiSojd7Hn7ybfTS03HLQeDqiEpK/IHw6m9bQ69zntkWmYxsYvqw0+QtcincdqAQZTHJa7OgKMDXuFneCGxeeSzA39MuqqNhPHHTIxn12C0MUhYYC0I4T4XEqqO9T44ugmfk7pYwhRtwyOAWQ5 sagawa@sagawa-no-MacBook-Pro.local
coderdojo-ueda,ueda,CoderDojo上田用のサーバーです。,ssh-rsa AAAAB3NzaC1yc2EAAAADAQABAAABAQCvIvshABSN6LmGUSDOmYR2LQ89tvtFq/tyyk3mswaIU3PeabV1p375JnCGSFMjE9GES3P3hkrm/2dpycphGkyr1o0LwI5OJ5uLJFbPlZwd5WZign1kKWcQ26AfA+6DcTBb9DBcJgjerP8wERGyMc76yuJAaq6JTf8WckcNwO/y84qYFDIHqAaQwwbednxkOv+eIGZLkxszk+k+VYivgXFzyZZ1mOWoIC5jddrlMVEjvJUwu4gOW0FZurSpeKG09cW8qAS7DZMtzkgS1KOx6v+oPAhY1PmkB9jNrxnMn9nSNMMw0MSOrjVCucIzN8J87IEyLtsbb7UyOAJyIeJEEzo/ ats@ats-FRONTIERPC
coderdojo-tachikawa,tachikawa,CoderDojo立川用のサーバーです。,ssh-rsa AAAAB3NzaC1yc2EAAAADAQABAAABAQDIInpBxCN6+NQcsP1BMy00eJjrUjol+UgDoID36BtW4YAuCWWh8M/toT1AiNg/pgDF0t3DJ4uMOTvhKNNsDhnSqVi33KeeXAhGBUUICPd6NPORv0vITHcXt1HwvZ7w+5gRYCrNgzw6+3KwAur2BUpc8akhCZUwG2PC3FimiiHxGHU1fMIrfwMa20z42B8kbLC7HcmYVbbZL6ds1FUcMFh8vp1HdnYoe3jStjxfMFXcmuWe7VV41p3+Ah0kINZhjWMexPqWsXBdlUHseP5XogvZbItuW1vXr6e0Me5Xl6rr5VKsB+z+Ks//E1+dWzPUoxWyJCzBOJs61qcx1Tec/DAP naoki@Naoki-FMVA05002
coderdojo-naha,naha,CoderDojo那覇用のサーバーです。,ssh-rsa AAAAB3NzaC1yc2EAAAADAQABAAABAQDT8hYh25C3jc4UXbStxWUTXzZqgRmgmCVNhcNF+YM1917PWEQ1q0DVHv9kVAtOx40bVq70OKwSVhveBuhKxX+LZcD7iKL7+bebyIrY1FuQhhaR5xFgVqTGAOt03olDP4Wl7pK6cXYPrnRghzlAdLHxOcCKEn5Ar/7G8aS8B6rQdnBWxWC+RkF5UKRfSFVnlILOdQj9Ac4byks+vwRUkaheU8Vu0klb4Uye8J6gyBTkDerkyV/MNxH9Tt5UbGPX0npYrgjmliErLV3eIQt55MKMMlsrT/VdafZ/VnQTyYV0xrvqBPnXWWRhDAn+XASEPAvNjT5kqmOC5Vn0I25/Tpdn naha.jp@coderdojo.com
coderdojo-nisshin,nisshin,CoderDojo日進用のサーバーです。,ssh-rsa AAAAB3NzaC1yc2EAAAADAQABAAACAQDjhS0fBtSXVzIafm2Dur8z6cFWn14Md+LITjUapVFQiUF2yx7d4V3wceiBCMC+i/B/afGzwDikJ/QxzdwittS1KmbvGeWAsSDiekwtdvkSeR08RAoFaZFW0Nl5c7ARlhlVLROgOuQvggqUWLIwTAHjWJhmLck2YMRc0LwfWfqoBKXTXDii6V0Xv/zOhnk4uw3fyAu3nD7qQPhpVbyQoDVlZf+YLxzlm7SHnetQvsZcIDAD78kMGglNZpPObFN69iwOJ7TYEz41uxKYz8jw8CC5FFWcveArWJna4JIhkcWIvzBf/ZZ/fKCz/KlWJAnDCqM472+rI+IhwQBk396avBkzgOYNzgndIoL1NLQIkCeV6CrYHzEyP9Obc32Q7iP/Uo+REW3euOl5W6nUxGxrC23QU643AHE2zVJbjA/3zs81fVswnglbDY6SI0NiFznNnqxGR3++7bHXTZPbRUdRnzFSpTyN37pAQ/sZex16vD38uQSb7y9cC1bOTiMqpnAMg3/bONoXy9zRBQ87ylDzLSE0+Jy6eNlgAiSZy++20gJidOjgHR69GIiNU/d6wQNY+wLzAarVWhxUbTyikwvdiHTzAFMqdmvxeX+zfzCsz9887v9ybrhW+zktU20o7/9lS9T5b+ARr+WHr+wFlofHBNKpMHVKcqv7pcQqY2n1KgAyXw==
coderdojo-mishima-numazu,mishima-numazu,CoderDojo三島沼津用のサーバーです。,ssh-rsa AAAAB3NzaC1yc2EAAAADAQABAAABAQDddbyIq88/BpzTYXjx8u0HmFy90UWBIH6G90rcNxmE0z//Wn9Wm7O8Uw1c3EL/TX4R0jT6tHy3rPvnEXiK74Px1GS2tiGskNi6M/yqtpKlzN8aXP4tDd+i8rtfzow7jNO4zNmqvPvZ5PQS7+1ESqvOnYg63RkC7Ah+Gl2/LGGhJJsJj9mJn0Gi05N69f+TAph7rinqRZXjeT+ZzUSIpK7imnMDsKQ1nmokBH5dIKUxO46BX/Kn2GPkl3nqIk5XuI8T7Ku8drLCDQf6xnvg/FGAmDmNVY9ggQdzt3EbQtmJJ3jgi9+qcldgLS7aBNVZfXIeOIf5/+9LkDEXB8Ojp7qD urushibata@URUSHIBATA-WIN
coderdojo-inazawa-shomeiji,inazawa-shomeiji,CoderDojo稲沢正明寺のサーバーです。,ssh-rsa AAAAB3NzaC1yc2EAAAADAQABAAABAQDIEyjymoAOGcKkViwHl+NvFgFw0h3Bb514AUv2LCD8gxWCAgjhBYDa1eyIhQlmqdpWjBQCbM0j7jevTXxBKlV+r0v7rryQOfEhOCATE4hns+ynQPHTTrmaYotp7So5x+eHNJbqfq3KskcAKQ9lWGlo0wWp99U9C2qraxjnt4w/3/YLhmAqUinsG4E7SHtRFqqZhl65nTV9jFQxS6Y5/KaHmdf4lrKogc3yUQKbjU0jDiYDqas7h/PE98wBZwAi2cpbIJZ6t5KYcPPQCC8sPQffyet51kAJBdd3XPE9ca+Smx2EuA0XELgjv9WVm32V6AZsRcj90MJmfDgZSkEfeVTn gotohiro@gotouyoukana-no-MacBook-Pro.local
coderdojo-matsuyama,matsuyama,CoderDojo松山のサーバです。,ssh-rsa AAAAB3NzaC1yc2EAAAADAQABAAABAQDHWCHNU57JAMZSNjqZz5le0NTLy/4VxNABqLqMBU3MdBgqCkqo2qInLp53XWh06qMYsQN3znh5cYaM6ealLvPyREWJtYpQFeJ9AEJt/kTbWO61Jt4YxPsB7F0cNajcrP2UKaixDJRUQS/aUNOV7va9Rk34ODUK5I/PmJmMLcxINIu4hig08aWKrf+y5TLTM9uCyPJOKNCh9XRkinH7Wt0vB3NpTXJESYXRQObrN/1QBIdPNqjLGF8fBuLcJ2R4n1FjpUDrlcw8vwgFykan3es4hyyhX6nA7wZ9x4w1PFMbDOH4gg+e6Iwu76L2YlurBHnIzAHIo8XGSxozUH+to/Zb j-sai@Yomi
coderdojo-kurashiki,kurashiki,CoderDojo倉敷のサーバーです。マインクラフトのサーバーに使います。,ssh-rsa AAAAB3NzaC1yc2EAAAABIwAAAQEAtFEvIIzd91Erlhbroq5rjM9nn7YeKct2Zq8iXerSFRCy1BJehAZPf074+IiwKEYImT2W+iuChI0AmxUrRhpuIUq5SL+bUk9lkgpUrBMkF9EvYdZmZB7Scmj9Q+cJqObh+tIvsVwPFBouxlnRaDswC/uM5w6CGaqZf4ZUbp4i36Cntv2J1V+kWP2F3QuUIzK+VwoMRDyxkwllmH25XN1Pcj22tP3NzEKa9cnYOKkl+TqOkyqIqDEaSe3BOiMWZui7Jx+/dikefxGWqwHRkFz6lW5TonBI7ekPuaU+b31kbZHTVaNdcqA/N/RGYGxvXZnd1YUB+p5RuzzpYz6BNULAaw==
coderdojo-sapporo-east,sapporo-east,CoderDojo札幌東のサーバーです。マインクラフト用サーバーとして活用します。,ssh-rsa AAAAB3NzaC1yc2EAAAADAQABAAACAQC+wCqPYDuJxwckuT9o15fXtj5UglDp4wwMAgrRke4F6CGqmowjOXX8HMDYxx1QCP49DbXhKcoxU0/ugZyNq5T3n4twZW01MmXpNR1L+BhVDoLBS4dgNEtuZ7+jvO/JVp5N45BgjteDkv0GDhZr/1UOqDNBBHGNoSNdp1RQqrxiMOV9WTdLB5xeGr5MkR2+KVmau4JHzYsbbPl5kNmJeLFASl8rlBlpeA7yHTIAXlzkQCECj5j1NC1nwB8aIgbNrTAqpIouBaWBAV/XcVstGJVBepRzpAK7u9XupMioo04Mbh2qhsam4BuGq8jgfaIbTO8p23YP/N3dD/rIl1pgM5JgAL3L86BtXiCGRsqcz4FdYt/sQE2qUtknVFm1SDTR7NYeVTxctF6217T80NY1xYEbm0kkNRRjwLBA+ME+WbBfDGgGbjDGUkLLoxHpadpQ8BzjoEJ5CJUdqPS1TvqT+5h22f+owKBo0nqNABpKBaNGKVBfXpImmpz8l1PkjmHlQQPL5l0TGSuIfevJxHSucTtuu60hl9iZwS+gU/SWx67YS6YisoGQoPJ3Zdmq2gZHbPrLjIVaWQbf2UhaPJxZnhv5d4ThXwiJ27tLS+J3zYCphCoSxYKdiBJhHpd7sAhmebvrqqvJ+SQI1gig9RjoRtlzeTo/A+ONV/1YYQonKg3sHw== yasuda@futo-lab.com
coderdojo-seto,seto,CoderDojo瀬戸のサーバーです,ssh-rsa AAAAB3NzaC1yc2EAAAADAQABAAABgQC74lgCKZRUpKX9/Yjw/MLwE1TAtLF7aWWJ6Be8pFXt7u53j9XXo/SfgI5ooQUCZQh9l9uuu96H9v1zstTN4DpuDP+QUwTUk03F6DJO82pAkrtOENAJrsP39Fv27oMCOII5pPRUB687QsU28cRhurIeMYwwAvahS670lP/Pnzi9THvftdYWrX8ROu33lr+pWRcJI+gsnas6MpwYZ13Ge1V0SDnu+MxnAlI96b6XKtutsDxMPX5zPHyYf0z5sEHZ2Cjqrt1reW+jzvmNoG/TO4htWkJ8bSQmPWYmjqa0iZyee9ysh29idJiNTgdVHQ1V3TM6uDk7l3+DcWXypovdBk7MR87k0Yab619hWjotm1Hg101k0p3xmwYXC4j8+Wah3fsQXOSOtcJ6iur0XW/+F3XVt6/e8GdGm0V+AtNillbSkggWM6a+nhyXPy5bYKlSxyBNOrQ75zfcnw3p+s3s+n0UODIEz3JhiGSz/lFcD7zV5PgouCoXnHmwjEs0quQWTFE= ichiro@ichiroc.local
coderdojo-mizuho,mizuho,CoderDojo瑞穂のサーバーです,ssh-rsa AAAAB3NzaC1yc2EAAAADAQABAAABAQDWDE4LVDaQXRG3gZhtjg5WrxN2PnBKAw2uJMw6QJ3WapWli6iuq984WM7G2ux3PH3DY6SQozTjZJltATzNKEi4EvOQXA6cr3/zO+qHROPOZcxc6qDAqzBg8fexcXoFJroYlrlFRMsdXo1YlX1kdJWQQpgJG8CHYDRkrp/BIQjtwswu5uICqsC00LFN2DhPXdBBMciUqZjaFMEWaT5iHwDa41OLeLJ6N8MYMr9SOCWcC1clj2qbQYsP2oVfzXD5MrodTUYn4sLx0GVPi9gw+3VxhHR5pAiHOwMB0GK375IWzBcsbwHzSkyq1xIUjbIWLwqmV2JbFiK1IS9mxcbNdVkD sahara@DESKTOP-4IAPFNM
dojocon2020, dojocon2020, DojoConJapan2020用のサーバーです。,ssh-rsa AAAAB3NzaC1yc2EAAAADAQABAAABgQChtY2VtORtrWKHDXhOYze/bmoFQF5v2ULsulCik1TFN4yV79Ud7rsiC5y5lXyMhNSneJ8iGRcPoMKy+K6wNQvjh38mTv42dN1adq/JkQoYIQmXdnxlbKEm3cYSCY9VwuwNook0lkP639l6SzpJmGfKEP2BIIt7+9P898KQtELd4wo8FC7wKRl9uc8jeDylOn/8AzBv+zMyS7c0jfqURN9y5NvRtimTIbpA0iHf2r8XtzAa3hW3Bo7TlXaPyOQI7sQCTi9LYxew2JRCW4aIcG//HZ3VfNP7iqHyEL2gUZ3J/MJn8wGiqhTyAMF0NxIByBea5+yxlm2FmUBYuPrjwSGJGk1vna3YoSWKTbB6BGEWxo6RfPXDE4cznhlx1sLdFLeZC71xB+b5Mmu109trYotGieGpONfiiVXmX2OVkmXKuBdFGZYJEess4Pey1kuFUKRsTRqkM5q1dCSSAYLJGtJGWlZ1b+YotqsBV167VkGQwg/a7f7NkBbMN3YBpQJocu0=
coderdojo-gifu,gifu,CoderDojo岐阜のサーバーです。マインクラフトサーバーに使わせていただく予定です。,ssh-rsa AAAAB3NzaC1yc2EAAAADAQABAAABAQDDkkvJd9Car0rNuLI2BpTlSsH1YiVP48lJeITYiW7s4MLUJ6OD/lfUPpPy3R0lv9r+jXZUDmueIr/5Nr3uZz3pt6klIA9uqYl7zkVPSyVjLPuMVWyzuAAB/JKbT5dI5IAKhjB+4qUrUkrmqvD4byAhcnmVp1OqWjmBNrHevzzj260JdVsbLLobKFCNR4x5vhJBz4U/1pqieXeIaiOs+u9vnpz3q73DKnOBxeOCUJ2HLEmYi7a/cIayrahIQIMUp7dD0do4L1driktTtUQBxnhz+BcvwErl8ziIwTCo7dQ1Lhrk7vP7aulKxtyD4w1OExcKU6XFf2DcQ5gw1TuCX9AL kojikuno@kojikuno.local
coderdojo-inuyama,inuyama,CoderDojo犬山のサーバーです。,ssh-rsa AAAAB3NzaC1yc2EAAAADAQABAAABAQCsMnD3aLfA/b6pbdfL4hOqlCHIW8lQKfAlwC93b+qK49y51ITO/4H6zl89Tt+KNS67Hx6HQ8IfXdYVwaZSoYaJxEIs9tIMBnUU0/YCblpn5RIAuLG/FmDaJ7pMYTNu50M/yZjCwIfBAIQAWexQ+D8cqMkTygPj9CVovpoVhHAb/51ZPniP82pf4nywdF6Tq4n6xkXIem7sAopj5eBBPao3jWdpnX17OXPPmqEzC3Baks07025O6EQ60EPi8gUIRwjvVRgYZEj3cP36qBrI56NkhmSTCtIIh4VMYIhb87qq+kUEkJQYrt7QE4yfgoKtwf3bPykNKWWsIYocH/2SLYW7 ertama@MacBook-Pro.local
coderdojo-eniwa,eniwa,CoderDojo恵庭のサーバーです。DojoのWebサイトとして利用します,ssh-rsa AAAAB3NzaC1yc2EAAAADAQABAAABAQDVJLTjEVpzxHJ6iUNoicVGd/kMHVIvPbf+xiFcI/3CXe3lsfq8YrlKAYjylP3r41UYZIoqVS6QqvEg6wh4AaNsiCAl3AxCVDdKf06ljuuvfAo5bnZNjgHYG8kWb67aZ9qeyQm0uCbF4c6B1CAH3jW1hiDVxqR0jb9WAiih6pOC1yutJ5rEOKg95+tR6v5laAhpeD4f6DmH6t71YA7TD6uBMp1gc88ZfKwmyS6TOFXEWRdVipFKRKeIQiDie+r2XqVdsWO4WABSPZiaW1MuOCgSE0BEl1VsZ42b4OMHwDan3Mm9qe9I09d2sf67TC5jl7UpbyRfSRxJZPMz4HscaBj5 kudo@dojo
coderdojo-higashi-sumiyoshi,higashi-sumiyoshi,CoderDojo東住吉用サーバーです。,ssh-rsa AAAAB3NzaC1yc2EAAAADAQABAAACAQDNnQysjUbWPnNLGMr1wY4mxDTTZcuHz+roghlaneYPDyt/Ua4oD/tlQRnxmhAPXldewv4t1Vr29japbOyezAFm/QrOyyW7G+lpjDTyPCVvZLr0Ycmyu0gP1Za8M7/3AC8wLGktdcnGpe3uLk+5HVKUlhWQcltYUQOMeadHhY4DNT/rlQtkubctqtISJUT1pyE5eusoLpU20qdqbhfaV/P4F+gtSKtkrtJ4YrRaK16ZDCtQ5g3w5CgTy1SOnSsGexgOw4c41YdkHGfBYhg5XOsv4+bwYVLNX6YJNSZyQvRdEQDfpsde5qfkG8GtWiMg48tOulkkux0fhR+FbL02sBqjQaxn4K4q1k2aXMa/aUq+j46GgnYDWKOJzsy1es2WJNYBB/VTNedctl19uR6Xy23+3sP6v30Vk7mjfgf/gI1JK6EyN7BTTjy2l063q++caPYdyy8VEJVqjVx/zgaiH++zPxU6d/6RMQIi6oKd970h7LVsnnUIJOd6F3JbLeoShqlj+nLK5aAOTiP7yUv4ymj8g/V3b92nNcTQ8ya271i0MRBRJ01UInShmlK1QaqrH3cpyp3i90yKuwB1pKbhZjWmGp+Y+PD5XwQaxlCCQBCTvB4FPE8l+7ms9PEPQx/SOw3sObXd+EMPe/tkrRxwpEFVYKU994qQlnnn6t9XP7LkxQ== higashisumiyoshi.jp@coderdojo.com
coderdojo-kichijoji,kichijoji,CoderDojo吉祥寺のサーバーです。,ssh-rsa AAAAB3NzaC1yc2EAAAADAQABAAABAQCkOmFwzZ7mnulUMChVQYaFfMgvNzcEGRpXBIFrSNmJ9sP3FBu9+ozEMCl4l55oqmQGGV2JPWFdQiwxcXyq5chFA3XBY9+j0D1qpdM9bY4HT57ebrJ0fLZURDtT4NDH7N2DHN8K928DMor0JoxgpePrypdrCF0HrObeKLGfzP1QsK4flwfVsMj0ZRnjtHXI/MRywyxrbpFefdK9jwr2If/onjG6FAObEouo+ahsql5YeR7HJmfXshjTVm4BjQsnu7NULE/lz0FhfL9EiksrZLK0ctlhILS49JQjnqfqaS5O63bUBPOTK+EJRNic7PoYe8D+5D6rMBASS/hI6QejuvKx pi@raspi3
coderdojo-iyo,iyo,CoderDojo伊予のサーバーです。,ssh-rsa AAAAB3NzaC1yc2EAAAADAQABAAABAQDCuQ2TssnIkJhRx/UBUY6NHNOLoGCbiAv1l9D7BdVi2hypm70Bsx0rDLPfIxkVHb81ULE1J2WL9kACg3gemNCYCGTB0nXIz3Vypjz7y+gZFiX1WvjiHtNF1fadqB/xo9sghVgRFV2o2IRyUZasTV3ZFv0hTSFUtlQbS5/kdrYYwTGUi0Bz8UMOi+5Girtg2cbB5H+fOgzPEuVdsIEg6Mh6bMuiKtejU9rqzNJY6hrb72i5bILVrv8w34MR8kLreQt1TRhMMVu16GsL1WsVkv2j22gFpxIMHeRWUkLXYvOhD1p1+CjNaCxVkC9iB6r9pY+v9l/U84myTMGE9tvfvOIz Mayumi@mayumi-macbook.local
coderdojo-kasuga,kasuga,CoderDojo春日のサーバーです。,ssh-rsa AAAAB3NzaC1yc2EAAAADAQABAAABgQC/6sUPwx1KmvI5S5G7+ouz7cp5R4TZ/Xc6HnTYXwZTHvB8/PIvdTdPcaEAZyKo1PQsqQLT1jR0/QErhmmVv3pcrMeAFDxjz81vUyDAdHDbma1EZn72zMUY+TO0V/kok/W5mV62lJoRyOKCtBghv11oaRpnrjnYMgTUo8mNHHMhRxbTcEyH5p9GcF/83qGSmYDIQGGLEOAv0baNj/B/tt48AG6+1XA0b5Zwsha6MVbBC8ZX7Bkx3nV/Q7ZgpABLy5MsxPurUK4NrNTtGjOPpSQ6A34hRpuKrch0tOQ7NF5IoQKL/7BS5lEbY0CwJOot2bCzTTuz50sxE6ENQqmvPqO0158q1lvBmny52uAODiXnGdzKqfbLH19SnjPMRCMq2jzmFBY2ZB2BvDADEYkuJKtKXg3SfkJRNUuKOE5rCVjOdUENFQQJmNhPRipLAQuu2Tas0YOGLim1NR25h8H9mLdDdJn9e8BnjkeNRgJsBXTz/85Fn2KpnpcL+cPof3NYzu0= coderdojokasuga
coderdojo-kashii,kashii,CoderDojo香椎のサーバーです。,ssh-rsa AAAAB3NzaC1yc2EAAAADAQABAAABgQC+QCB+JIJocopdUViD6trEuy+Ut9TVmghDe1oZC78p0XsN4eEfbnDtt9FHNtE2O+FBFsFVZAP5X5jHOZgPfIzpKJv/ks2StbTgteK2wIqIyBThGiPhZjk8njPLIaUVMVt1dVTCYFYj40ys/Yy7W2UPpX3EsWCQkIDiXXjASQYNJ/K2VylLoo52mVOhp8NpnT7EWIRhCc7+U8jBnrHnW1tSRqiIW3qtP2GT7LLEi7WJNWHoYjdvQvYj7u6UUqJv2Q1x5h5YHkSxhjeBfkP0rcsF2MScQp+TTKnS3SRBG1EmPJhulvhl+bNrH91dI+dpLUHxiheJid672JSm1KtZecLLbocnMfn5ZqE42xotWYFLX02/HVpPOfb53SrwFCVwW4CwMw/IQ1fAbKEvhNQxHHDLEtPSwPKlZPKrPY4RtQa4LhvNzjx7fK99CnxYlUT8vps5p8IA6iik1qPa1J4ivoVDnKPF3lFoozQj2YXUa+ado/ZO0TwNlyx5rC5aID3i4zk= a-utsuki@DESKTOP-UFKF2KM
coderdojo-atsugi,atsugi,CoderDojo厚木のサーバです。,ssh-rsa AAAAB3NzaC1yc2EAAAABIwAAAQEAq/RWpuuUu7CHDUGGph0UKkEX/Dt1HEg6c2gMM116opW9/ik61VXx86moaWQqHZOAdx3Nuzx+3BTHveayseHLCsT5X7F2OAtcgcyiTK9kUyjqH6h/HNj8dGpYD2v45XlqkizCwk3FCW4lBwhclrYgriRpebojbg0BBcfGtzoDiH8jHVX/lxETSJ6Sit2NXtS7ydKqhHgN0vtusPY3qLsyjUSg1aVTMlvyLMfKERAhInCGDHQyK2LIFvV3H3nh1x8U8VBqHOBbuLl4cHC3fLCLZMlIFIpBNN8Vnriyg4d9y2Mo5hllkUe/1dtqfC896D/bpc7eWDHgdUpfbwGeKzTeGQ== CoderDojo-Atsugi
coderdojo-fukuyama-daimon,fukuyama-daimon,CoderDojo福山大門のサーバーです。,ssh-rsa AAAAB3NzaC1yc2EAAAABIwAAAQEA0ZWxcQTBQuwHCPT95n+aQjkeboQYj/9/UtgEw8IDGh53aexiJ6sa/2cljUIEqoRNy8HObLFP1OYHKx+vw33J4hqKYH5RLyVyOLwBrTENMMPl9wrbNMKqYB+728jjrkEOC8lY4GVFNtYFkNIQjiaKLkhhHOh7u7L12cjNnrsiL3kUVzkZz4PrLGoIHlO+aEUJTRXBa93Gh+PQcdP/knXokx1iiz7UaDC39Ao1jp1uIzuLEVHHx2llfTLw+XsirJgdM/CmzE7EKjbKIMd1QmX2/6oiFAVFXdubgvbI52gI+8LdCKPnSbmPK+Qd7KmMLkGfl6OW17PdaHPaq4UvUc1cZw== MIEVAIO@MIEVAIO
coderdojo-suehirocho,suehirocho,Coderdojo末広町のサーバです。,ssh-rsa AAAAB3NzaC1yc2EAAAADAQABAAABgQDgfZ+sh3V4nBjPFIPLA503EwgKJvtWG3/nFUqwCZ/CjB0IIaGQX1lmI7Fv4RZL62HJwWrccID81JewvbMeM1dCeBYTbampA/m1dJ0vseYUoYCm5/L1yw07wKKGa/s+Qme3AvrTZF7CbIwxvMdog8H1KPvnNrVbzAgmjhed50MiCWb92NpisOytA5tBs+SEC8nPpznRJpzf98AdJEfPHg1V16+Q6R8TzGkditPpEbTPPtgiN/LBVnReBA7SU+/C4yPlQ24vkxz5SEWNJJylg0qBDAQDjr9hSd/aOETmgqNnduAWH3O1BKHlMiVRheEBNJoPFfgixNvssrmUclVIqV8k9dAeMqLvXWao5FsgdcsNkTCh99IHTWOYqlgLULJ9tZAuxZEjBYBQnmLssRCoLItnENkK1IjwFu8VMH19MM9Tj/1vE1zzcI+RscgQPaa06HIGAYElVyphpL1ldztzCpH8bFGnOst5Q2TSlNRrfbj9uG+ta1SeVWTphR2v9wHJCwU= urushibata@urushibata-win
coderdojo-kodaira,kodaira,Coderdojo小平のサーバです。,ssh-rsa AAAAB3NzaC1yc2EAAAADAQABAAABAQCA2cVcfPqUpHauvcWFCAXqymJfGs25cGqlpa3KRNcvrrN3cuxi3KU7i3OJduZB3mrP4GE1paRw6a405S37G570c1iy4ZHEOi06oha7RTwRmjgwPK/9DjUDhphofA76z4Y26I2ESeojLD2e6PK8aGFoxRyd6Uh8pPfGzc7br9zhdqRAvPryZauLai7zohDLnJ8+jURCyYmIBw5cUTPqAGd8nFd9FoQXQhrxlEEN/V+nkMQYqv+CyWbjmq4DRlB/F78+3OiQAiphgj7VKxlKUO4BiiFPycXpfzZGvLg/eg0v8mbsUu0nz+WHWB3AQkXElZhLMg/REGjMs+O3ZFev+4th rsa-key-20220408
